{"last_alert_hjd": 2460907.359578, "asas_sn_id": 137439769436, "last_alert_time_utc": "2025-08-20T08:03:04.580822Z"}