{"last_alert_hjd": 2460907.700486, "asas_sn_id": 137439769436, "last_alert_time_utc": "2025-08-20T11:22:00.545537Z"}