{"last_alert_hjd": 2458371.7287351, "asas_sn_id": 137439769436, "last_alert_time_utc": "2025-08-19T14:48:20.778683Z"}