{"last_alert_hjd": 2458371.7287351, "asas_sn_id": 137439769436, "last_alert_time_utc": "2025-08-19T13:50:57.232803Z"}