{"last_alert_hjd": 2458394.7136626, "asas_sn_id": 1090547, "last_alert_time_utc": "2025-08-19T12:30:01.326527Z"}